--
-- Generated by java-mysql-exporter
-- Date: 9-9-2018 22:9:14
--

/*!40101 SET @OLD_CHARACTER_SET_CLIENT=@@CHARACTER_SET_CLIENT */;
/*!40101 SET NAMES utf8 */;
/*!50503 SET NAMES utf8mb4 */;
/*!40014 SET @OLD_FOREIGN_KEY_CHECKS=@@FOREIGN_KEY_CHECKS, FOREIGN_KEY_CHECKS=0 */;
/*!40101 SET @OLD_SQL_MODE=@@SQL_MODE, SQL_MODE='NO_AUTO_VALUE_ON_ZERO' */;

--
-- start  table dump : dentist
--

CREATE TABLE IF NOT EXISTS  `dentist` (
  `id` int(11) NOT NULL,
  `address` varchar(255) DEFAULT NULL,
  `bulstat_number` varchar(255) DEFAULT NULL,
  `company` varchar(255) DEFAULT NULL,
  `egn` varchar(255) DEFAULT NULL,
  `full_name` varchar(255) DEFAULT NULL,
  `gender` varchar(255) DEFAULT NULL,
  `mol` varchar(255) DEFAULT NULL,
  `object` varchar(255) DEFAULT NULL,
  `phone_number` varchar(255) DEFAULT NULL,
  `reg_number` varchar(255) DEFAULT NULL,
  `rzok_agreement` varchar(255) DEFAULT NULL,
  `tax_number` varchar(255) DEFAULT NULL,
  PRIMARY KEY (`id`)
) ENGINE=MyISAM DEFAULT CHARSET=utf8;



--
-- end  table dump : dentist
--


--
-- Inserts of dentist
--


/*!40000 ALTER TABLE `dentist` DISABLE KEYS */;

--
-- start table insert : dentist
--
INSERT INTO `dentist`(`id`, `address`, `bulstat_number`, `company`, `egn`, `full_name`, `gender`, `mol`, `object`, `phone_number`, `reg_number`, `rzok_agreement`, `tax_number`) VALUES 
(1, 'ул. "Стоян Ников" № 12', '123456789', '"Дентал" ООД', '9509101234', 'Иван Иванов', 'male', 'Иван Иванов', '', '0882261111', '', '', '');
--
-- end table insert : dentist
--

/*!40000 ALTER TABLE `dentist` ENABLE KEYS */;


--
-- start  table dump : manipulation
--

CREATE TABLE IF NOT EXISTS  `manipulation` (
  `id` int(11) NOT NULL AUTO_INCREMENT,
  `name` varchar(255) DEFAULT NULL,
  `note` varchar(255) DEFAULT NULL,
  `price` double DEFAULT NULL,
  `vat` double DEFAULT NULL,
  PRIMARY KEY (`id`),
  UNIQUE KEY `UK_bwwuvil0lddom62c0wmspxkwv` (`name`)
) ENGINE=MyISAM AUTO_INCREMENT=5 DEFAULT CHARSET=utf8;



--
-- end  table dump : manipulation
--


--
-- Inserts of manipulation
--


/*!40000 ALTER TABLE `manipulation` DISABLE KEYS */;

--
-- start table insert : manipulation
--
INSERT INTO `manipulation`(`id`, `name`, `note`, `price`, `vat`) VALUES 
(1, 'Махане на зъбен камък', '', '4', '20'),
(2, 'Поставяне на коронка', '', '10', '20'),
(3, 'Поставяне на лекарство', '', '2', '20'),
(4, 'Вадене на зъб', '', '5', '20');
--
-- end table insert : manipulation
--

/*!40000 ALTER TABLE `manipulation` ENABLE KEYS */;


--
-- start  table dump : patient
--

CREATE TABLE IF NOT EXISTS  `patient` (
  `id` bigint(20) NOT NULL AUTO_INCREMENT,
  `address` varchar(255) DEFAULT NULL,
  `allergies` varchar(255) DEFAULT NULL,
  `blood_type` varchar(255) DEFAULT NULL,
  `diabetes_status` varchar(255) DEFAULT NULL,
  `egn` varchar(255) DEFAULT NULL,
  `full_name` varchar(255) DEFAULT NULL,
  `gender` varchar(255) DEFAULT NULL,
  `heart_failure_status` varchar(255) DEFAULT NULL,
  `hiv_status` varchar(255) DEFAULT NULL,
  `note` varchar(255) DEFAULT NULL,
  `phone_number` varchar(255) DEFAULT NULL,
  `rh_factor` varchar(255) DEFAULT NULL,
  PRIMARY KEY (`id`),
  UNIQUE KEY `UK_nffxhd5fa7kabt3q8wf98watj` (`egn`)
) ENGINE=MyISAM AUTO_INCREMENT=4 DEFAULT CHARSET=utf8;



--
-- end  table dump : patient
--


--
-- Inserts of patient
--


/*!40000 ALTER TABLE `patient` DISABLE KEYS */;

--
-- start table insert : patient
--
INSERT INTO `patient`(`id`, `address`, `allergies`, `blood_type`, `diabetes_status`, `egn`, `full_name`, `gender`, `heart_failure_status`, `hiv_status`, `note`, `phone_number`, `rh_factor`) VALUES 
('1', '', '', '', NULL, '9509101444', 'Мария Иванова', 'female', NULL, NULL, '', '882261071', ''),
('3', 'ул. "Възраждане" No.45', '', 'A', 'on', '8909101444', 'Димитър Димитров', 'male', NULL, NULL, '', '0882231060', '-'),
('2', 'Ul. Alei Vazrajdane 142, Vit Building, ap.38', '', 'A', 'on', '9509101312', 'Петър Петров', 'male', 'on', NULL, '', '0882261224', '+');
--
-- end table insert : patient
--

/*!40000 ALTER TABLE `patient` ENABLE KEYS */;


--
-- start  table dump : schedule
--

CREATE TABLE IF NOT EXISTS  `schedule` (
  `id` bigint(20) NOT NULL AUTO_INCREMENT,
  `schedule_date` varchar(15) DEFAULT NULL,
  `note` varchar(255) DEFAULT NULL,
  `paid_status` varchar(255) DEFAULT NULL,
  `price_to_pay` double DEFAULT NULL,
  `schedule_time` varchar(5) DEFAULT NULL,
  `patient_id` bigint(20) DEFAULT NULL,
  PRIMARY KEY (`id`),
  UNIQUE KEY `UK7xeb2mlmyl5f9p5kf2qf6cxrg` (`schedule_date`,`schedule_time`),
  KEY `FKjas1rguk3qfmt719ywdcni9k7` (`patient_id`)
) ENGINE=MyISAM AUTO_INCREMENT=4 DEFAULT CHARSET=utf8;



--
-- end  table dump : schedule
--


--
-- Inserts of schedule
--


/*!40000 ALTER TABLE `schedule` DISABLE KEYS */;

--
-- start table insert : schedule
--
INSERT INTO `schedule`(`id`, `schedule_date`, `note`, `paid_status`, `price_to_pay`, `schedule_time`, `patient_id`) VALUES 
('1', '2018-10-31', '', NULL, '0', '14:00', '3'),
('2', '2018-10-01', '', 'on', '14.4', '13:00', '1'),
('3', '2018-10-01', '', NULL, '4.8', '14:00', '2');
--
-- end table insert : schedule
--

/*!40000 ALTER TABLE `schedule` ENABLE KEYS */;


--
-- start  table dump : schedule_applied_manipulations_today
--

CREATE TABLE IF NOT EXISTS  `schedule_applied_manipulations_today` (
  `schedules_id` bigint(20) NOT NULL,
  `applied_manipulations_today_id` int(11) NOT NULL,
  KEY `FKrd1yt0l8gf3xef06lmxix77u8` (`applied_manipulations_today_id`),
  KEY `FK8nq3r5qbtqe5o2oktud2uj7s3` (`schedules_id`)
) ENGINE=MyISAM DEFAULT CHARSET=utf8;



--
-- end  table dump : schedule_applied_manipulations_today
--


--
-- Inserts of schedule_applied_manipulations_today
--


/*!40000 ALTER TABLE `schedule_applied_manipulations_today` DISABLE KEYS */;

--
-- start table insert : schedule_applied_manipulations_today
--
INSERT INTO `schedule_applied_manipulations_today`(`schedules_id`, `applied_manipulations_today_id`) VALUES 
('2', 2),
('2', 3),
('3', 1);
--
-- end table insert : schedule_applied_manipulations_today
--

/*!40000 ALTER TABLE `schedule_applied_manipulations_today` ENABLE KEYS */;


--
-- start  table dump : tooth
--

CREATE TABLE IF NOT EXISTS  `tooth` (
  `id` bigint(20) NOT NULL AUTO_INCREMENT,
  `status` varchar(255) DEFAULT NULL,
  `patient_id` bigint(20) DEFAULT NULL,
  PRIMARY KEY (`id`),
  KEY `FK5184sq3ybhyw3cbpu86pxebdh` (`patient_id`)
) ENGINE=MyISAM AUTO_INCREMENT=97 DEFAULT CHARSET=utf8;



--
-- end  table dump : tooth
--


--
-- Inserts of tooth
--


/*!40000 ALTER TABLE `tooth` DISABLE KEYS */;

--
-- start table insert : tooth
--
INSERT INTO `tooth`(`id`, `status`, `patient_id`) VALUES 
('1', 'Кариес', '1'),
('2', 'Здрав', '1'),
('3', 'Здрав', '1'),
('4', 'Здрав', '1'),
('5', 'Здрав', '1'),
('6', 'Обтурация', '1'),
('7', 'Корен', '1'),
('8', 'Здрав', '1'),
('9', 'Здрав', '1'),
('10', 'Здрав', '1'),
('11', 'Здрав', '1'),
('12', 'Здрав', '1'),
('13', 'Здрав', '1'),
('14', 'Здрав', '1'),
('15', 'Здрав', '1'),
('16', 'Здрав', '1'),
('17', 'Здрав', '1'),
('18', 'Здрав', '1'),
('19', 'Коронка', '1'),
('20', 'Здрав', '1'),
('21', 'Здрав', '1'),
('22', 'Здрав', '1'),
('23', 'Здрав', '1'),
('24', 'Здрав', '1'),
('25', 'Здрав', '1'),
('26', 'Здрав', '1'),
('27', 'Здрав', '1'),
('28', 'Обтурация', '1'),
('29', 'Здрав', '1'),
('30', 'Здрав', '1'),
('31', 'Здрав', '1'),
('32', 'Здрав', '1'),
('33', 'Пародонтоза I', '2'),
('34', 'Здрав', '2'),
('35', 'Здрав', '2'),
('36', 'Здрав', '2'),
('37', 'Кариес', '2'),
('38', 'Кариес', '2'),
('39', 'Здрав', '2'),
('40', 'Здрав', '2'),
('41', 'Здрав', '2'),
('42', 'Здрав', '2'),
('43', NULL, '2'),
('44', 'Здрав', '2'),
('45', 'Здрав', '2'),
('46', 'Здрав', '2'),
('47', 'Здрав', '2'),
('48', 'Здрав', '2'),
('49', 'Здрав', '2'),
('50', 'Здрав', '2'),
('51', 'Корен', '2'),
('52', 'Здрав', '2'),
('53', 'Здрав', '2'),
('54', 'Здрав', '2'),
('55', 'Здрав', '2'),
('56', 'Здрав', '2'),
('57', 'Здрав', '2'),
('58', 'Здрав', '2'),
('59', 'Здрав', '2'),
('60', 'Здрав', '2'),
('61', 'Здрав', '2'),
('62', 'Здрав', '2'),
('63', 'Здрав', '2'),
('64', 'Здрав', '2'),
('65', 'Фрактура', '3'),
('66', 'Здрав', '3'),
('67', 'Обтурация', '3'),
('68', 'Пародонтоза I', '3'),
('69', NULL, '3'),
('70', 'Здрав', '3'),
('71', 'Здрав', '3'),
('72', 'Здрав', '3'),
('73', 'Здрав', '3'),
('74', 'Здрав', '3'),
('75', 'Коронка', '3'),
('76', 'Здрав', '3'),
('77', 'Здрав', '3'),
('78', 'Здрав', '3'),
('79', 'Здрав', '3'),
('80', 'Здрав', '3'),
('81', 'Здрав', '3'),
('82', 'Здрав', '3'),
('83', 'Здрав', '3'),
('84', 'Здрав', '3'),
('85', 'Здрав', '3'),
('86', 'Здрав', '3'),
('87', NULL, '3'),
('88', 'Здрав', '3'),
('89', 'Здрав', '3'),
('90', 'Здрав', '3'),
('91', 'Здрав', '3'),
('92', 'Здрав', '3'),
('93', 'Здрав', '3'),
('94', 'Здрав', '3'),
('95', 'Здрав', '3'),
('96', 'Здрав', '3');
--
-- end table insert : tooth
--

/*!40000 ALTER TABLE `tooth` ENABLE KEYS */;


--
-- start  table dump : tooth_applied_manipulation_dates
--

CREATE TABLE IF NOT EXISTS  `tooth_applied_manipulation_dates` (
  `tooth_id` bigint(20) NOT NULL,
  `applied_manipulation_dates` varchar(255) DEFAULT NULL,
  KEY `FK7cygqew3v0ehcbhxv2ojsvik6` (`tooth_id`)
) ENGINE=MyISAM DEFAULT CHARSET=utf8;



--
-- end  table dump : tooth_applied_manipulation_dates
--


--
-- Inserts of tooth_applied_manipulation_dates
--


/*!40000 ALTER TABLE `tooth_applied_manipulation_dates` DISABLE KEYS */;

--
-- start table insert : tooth_applied_manipulation_dates
--
INSERT INTO `tooth_applied_manipulation_dates`(`tooth_id`, `applied_manipulation_dates`) VALUES 
('6', '(2018-10-01) @ 13:00'),
('7', '(2018-10-01) @ 13:00'),
('38', '(2018-10-01) @ 14:00');
--
-- end table insert : tooth_applied_manipulation_dates
--

/*!40000 ALTER TABLE `tooth_applied_manipulation_dates` ENABLE KEYS */;


--
-- start  table dump : tooth_applied_manipulations
--

CREATE TABLE IF NOT EXISTS  `tooth_applied_manipulations` (
  `manipulated_teeth_id` bigint(20) NOT NULL,
  `applied_manipulations_id` int(11) NOT NULL,
  KEY `FKfjqpbcvh1323mk2ixlubdeh4n` (`applied_manipulations_id`),
  KEY `FKkcoo7ry4hbafwyvm1btjq8scj` (`manipulated_teeth_id`)
) ENGINE=MyISAM DEFAULT CHARSET=utf8;



--
-- end  table dump : tooth_applied_manipulations
--


--
-- Inserts of tooth_applied_manipulations
--


/*!40000 ALTER TABLE `tooth_applied_manipulations` DISABLE KEYS */;

--
-- start table insert : tooth_applied_manipulations
--
INSERT INTO `tooth_applied_manipulations`(`manipulated_teeth_id`, `applied_manipulations_id`) VALUES 
('6', 2),
('7', 3),
('38', 1);
--
-- end table insert : tooth_applied_manipulations
--

/*!40000 ALTER TABLE `tooth_applied_manipulations` ENABLE KEYS */;

/*!40101 SET SQL_MODE=IFNULL(@OLD_SQL_MODE, '') */;
/*!40014 SET FOREIGN_KEY_CHECKS=IF(@OLD_FOREIGN_KEY_CHECKS IS NULL, 1, @OLD_FOREIGN_KEY_CHECKS) */;
/*!40101 SET CHARACTER_SET_CLIENT=@OLD_CHARACTER_SET_CLIENT */;